Rk,School,Conf,,W,L,Pts,Opp,MOV,,SOS,,OSRS,DSRS,SRS,ORtg,DRtg,NRtg
1,Gonzaga,WCC,,31,1,91.0,69.7,21.28,,5.92,,23.21,3.99,27.20,126.59,89.03,37.56
2,Baylor,Big 12,,28,2,82.9,65.5,17.43,,7.40,,15.41,9.42,24.83,124.98,89.29,35.68
3,Illinois,Big Ten,,24,7,80.5,68.6,11.90,,11.34,,15.08,8.17,23.25,119.29,86.45,32.83
4,Michigan,Big Ten,,23,5,75.8,65.1,10.75,,11.25,,9.74,12.25,22.00,118.69,86.42,32.27
5,Houston,AAC,,28,4,76.1,58.2,17.84,,5.37,,7.82,13.84,21.66,119.73,86.92,32.81
6,Iowa,Big Ten,,22,9,83.7,72.7,10.97,,10.43,,18.32,3.08,21.40,125.85,95.09,30.77
7,Southern California,Pac-12,,25,8,74.9,65.1,9.85,,10.65,,9.40,11.10,20.50,116.39,86.42,29.96
8,Alabama,SEC,,26,7,79.7,70.1,9.58,,10.01,,13.35,6.24,19.58,113.27,85.56,27.71
9,Colorado,Pac-12,,23,9,73.1,63.8,9.31,,9.57,,7.71,11.17,18.88,117.17,89.37,27.80
10,Ohio State,Big Ten,,21,10,77.2,71.1,6.06,,12.19,,12.15,6.10,18.25,120.91,94.24,26.67
11,Arkansas,SEC,,25,7,81.4,70.8,10.63,,7.18,,12.42,5.38,17.80,112.93,88.13,24.80
12,Villanova,Big East,,18,7,74.8,66.5,8.28,,9.19,,7.91,9.56,17.47,120.11,94.05,26.06
13,Wisconsin,Big Ten,,18,13,69.9,64.6,5.29,,11.93,,4.38,12.83,17.22,113.23,87.60,25.63
14,Florida State,ACC,,18,7,77.2,69.2,7.96,,9.16,,11.60,5.52,17.12,116.09,90.59,25.49
15,Tennessee,SEC,,18,9,71.9,63.5,8.41,,8.46,,4.46,12.41,16.87,110.51,85.75,24.76
16,Texas Tech,Big 12,,18,11,72.5,63.2,9.31,,7.28,,5.08,11.51,16.59,112.71,88.11,24.60
17,UCLA,Pac-12,,22,10,73.4,68.4,4.97,,11.34,,8.06,8.24,16.30,117.22,93.15,24.07
18,Creighton,Big East,,22,9,76.0,68.2,7.74,,8.54,,9.71,6.57,16.28,114.35,91.01,23.34
19,Oregon,Pac-12,,21,7,72.3,66.0,6.28,,9.65,,8.61,7.54,16.15,117.21,93.57,23.64
20,Connecticut,Big East,,15,8,71.7,64.6,7.17,,8.59,,5.79,9.98,15.77,113.49,90.66,22.83
21,Louisiana State,SEC,,19,10,81.8,75.2,6.55,,9.14,,15.24,0.46,15.70,121.14,98.05,23.08
22,Purdue,Big Ten,,18,10,71.0,66.7,4.32,,11.23,,6.15,9.40,15.55,114.59,91.26,23.33
23,Texas,Big 12,,19,8,74.4,68.2,6.15,,9.36,,8.88,6.63,15.51,113.56,90.94,22.61
24,West Virginia,Big 12,,19,10,77.3,72.0,5.31,,10.05,,11.72,3.64,15.36,116.57,93.99,22.58
25,Kansas,Big 12,,21,9,73.0,67.0,6.03,,10.26,,6.16,9.13,15.29,111.87,89.25,22.62
26,Virginia,ACC,,18,7,68.2,60.5,7.68,,7.59,,0.18,15.09,15.27,116.99,92.54,24.45
27,Brigham Young,WCC,,20,7,78.1,68.6,9.48,,7.23,,8.13,7.06,15.19,113.61,91.20,22.42
28,Loyola (IL),MVC,,26,5,71.0,56.1,14.97,,1.37,,1.22,13.90,15.12,112.23,87.76,24.47
29,Arizona,Pac-12,,17,9,75.4,68.6,6.85,,8.18,,9.17,5.85,15.02,115.47,93.41,22.06
30,North Carolina,ACC,,18,11,75.2,69.9,5.28,,9.52,,9.25,5.55,14.79,110.58,89.17,21.41
31,San Diego State,MWC,,23,5,73.6,61.2,12.46,,2.99,,3.74,10.63,14.36,111.63,90.26,21.37
32,Rutgers,Big Ten,,16,12,69.3,67.6,1.64,,12.50,,4.15,9.99,14.14,109.13,88.46,20.67
33,Maryland,Big Ten,,17,14,68.9,65.6,3.26,,11.97,,3.95,9.99,13.94,114.32,93.34,20.98
34,Memphis,AAC,,20,8,72.4,62.7,9.68,,4.13,,4.83,8.99,13.81,104.91,85.22,19.69
35,Florida,SEC,,15,10,74.2,70.3,3.88,,9.82,,6.86,6.84,13.70,112.07,92.08,19.99
36,Colgate,Patriot,,14,2,85.2,69.6,15.56,,-1.90,,13.54,0.13,13.66,115.18,96.78,18.40
37,Oklahoma State,Big 12,,21,9,76.6,72.7,3.87,,9.78,,10.14,3.51,13.65,109.16,89.40,19.76
38,Penn State,Big Ten,,11,14,72.6,73.0,-0.36,,13.89,,8.99,4.54,13.53,113.01,92.76,20.26
39,Oklahoma,Big 12,,16,11,74.5,69.9,4.67,,8.86,,7.32,6.20,13.52,113.08,93.63,19.46
40,St. Bonaventure,A-10,,16,5,70.0,61.1,8.95,,4.49,,1.77,11.67,13.44,111.34,90.39,20.96
41,Syracuse,ACC,,18,10,74.8,70.1,4.68,,8.59,,8.59,4.68,13.27,113.44,93.67,19.77
42,Duke,ACC,,13,11,76.0,71.3,4.71,,8.33,,9.34,3.70,13.04,115.25,94.48,20.77
43,Georgia Tech,ACC,,17,9,74.9,70.0,4.88,,7.91,,8.79,4.00,12.79,115.03,95.48,19.55
44,Indiana,Big Ten,,12,15,69.7,69.4,0.33,,12.45,,5.01,7.77,12.79,110.14,91.83,18.32
45,Virginia Tech,ACC,,15,7,72.0,66.0,6.09,,6.50,,4.98,7.61,12.59,111.23,92.47,18.76
46,Clemson,ACC,,16,8,64.9,61.9,3.00,,9.49,,-0.71,13.21,12.49,107.66,88.78,18.88
47,Missouri,SEC,,16,10,73.4,71.9,1.50,,10.87,,7.12,5.25,12.37,111.49,93.51,17.98
48,Utah,Pac-12,,12,13,72.1,69.8,2.32,,9.54,,6.69,5.17,11.86,112.81,95.33,17.49
49,Kentucky,SEC,,9,16,70.4,70.2,0.28,,11.49,,4.50,7.27,11.77,108.33,90.95,17.37
50,Saint Louis,A-10,,14,7,75.0,65.4,9.57,,2.19,,5.99,5.77,11.76,111.38,93.44,17.95
51,Oregon State,Pac-12,,20,13,70.5,67.6,2.82,,10.82,,3.86,7.62,11.48,112.79,95.39,17.40
52,Virginia Commonwealth,A-10,,19,7,69.0,62.7,6.30,,4.76,,3.66,7.64,11.30,105.50,88.40,17.10
53,Mississippi,SEC,,16,12,68.8,63.6,5.18,,6.00,,-0.46,11.64,11.18,105.53,88.58,16.95
54,Seton Hall,Big East,,14,13,71.3,69.7,1.59,,9.53,,5.14,5.98,11.12,110.51,94.04,16.47
55,Xavier,Big East,,13,8,74.8,70.2,4.62,,6.47,,6.49,4.60,11.09,110.26,94.12,16.14
56,Minnesota,Big Ten,,14,15,72.5,73.2,-0.69,,11.73,,7.67,3.37,11.04,108.20,92.43,15.77
57,Utah State,MWC,,20,9,72.6,62.3,10.24,,1.32,,2.35,8.65,10.99,105.31,89.04,16.27
58,Southern Methodist,AAC,,11,6,74.6,68.1,6.53,,4.44,,7.17,3.80,10.97,110.85,94.99,15.87
59,Louisville,ACC,,13,7,68.0,66.5,1.45,,8.90,,1.95,8.40,10.35,109.63,93.59,16.04
60,Stanford,Pac-12,,14,13,69.7,69.6,0.15,,10.01,,4.16,5.99,10.15,105.94,91.17,14.77
61,Georgetown,Big East,,13,13,71.4,71.7,-0.23,,10.36,,5.71,4.42,10.13,107.70,92.63,15.07
62,Auburn,SEC,,13,14,77.2,76.4,0.74,,9.28,,10.01,0.02,10.02,111.42,96.31,15.11
63,Michigan State,Big Ten,,15,13,69.4,71.1,-1.68,,11.48,,3.90,5.90,9.80,107.59,93.45,14.14
64,Boise State,MWC,,19,9,75.8,66.7,9.07,,1.71,,5.77,3.97,9.75,109.25,95.08,14.17
65,Northwestern,Big Ten,,9,15,70.3,70.0,0.21,,11.76,,3.49,6.22,9.71,106.18,92.22,13.96
66,NC State,ACC,,14,11,72.8,69.7,3.12,,6.48,,5.34,4.26,9.60,110.63,95.99,14.64
67,Drake,MVC,,26,5,75.9,64.5,11.45,,-0.48,,5.19,4.23,9.42,112.70,98.03,14.67
68,St. John's (NY),Big East,,16,11,79.0,76.7,2.22,,7.19,,12.44,-3.03,9.41,110.65,96.73,13.92
69,Wichita State,AAC,,16,6,71.5,66.8,4.68,,6.91,,4.94,4.43,9.36,108.76,94.43,14.33
70,Mississippi State,SEC,,18,15,69.3,66.8,2.45,,6.79,,2.12,7.13,9.24,108.11,94.15,13.95
71,Richmond,A-10,,14,9,74.7,69.0,5.65,,5.00,,5.42,3.63,9.04,111.46,97.57,13.90
72,Davidson,A-10,,13,9,71.8,64.1,7.64,,3.40,,2.48,6.54,9.02,114.06,100.29,13.78
73,Providence,Big East,,13,13,69.8,69.7,0.12,,8.82,,3.55,5.38,8.94,107.79,94.62,13.18
74,Marquette,Big East,,13,14,69.7,69.8,-0.07,,8.58,,3.11,5.40,8.51,107.90,95.68,12.22
75,Washington State,Pac-12,,14,13,68.6,67.4,1.19,,6.93,,1.14,6.98,8.12,102.49,90.37,12.13
76,Colorado State,MWC,,20,8,74.0,66.8,7.18,,1.06,,4.26,3.80,8.06,108.14,96.03,12.11
77,Saint Mary's (CA),WCC,,14,10,64.3,62.6,1.63,,6.43,,-5.42,13.48,8.05,102.42,89.97,12.46
78,Pittsburgh,ACC,,10,12,71.2,70.1,1.05,,6.75,,4.52,3.28,7.80,108.93,97.20,11.73
79,UC Santa Barbara,Big West,,22,5,76.0,62.8,13.15,,-2.08,,1.58,6.22,7.80,108.90,95.68,13.22
80,Notre Dame,ACC,,11,15,72.7,74.3,-1.65,,9.38,,6.60,1.12,7.73,114.54,102.52,12.02
81,North Texas,CUSA,,18,10,69.8,62.3,7.46,,1.02,,-2.12,9.70,7.58,106.50,94.80,11.70
82,Arizona State,Pac-12,,11,14,74.3,77.1,-2.76,,10.24,,9.37,-1.88,7.48,109.17,97.64,11.52
83,Wright State,Horizon,,18,6,82.0,67.4,14.54,,-7.65,,5.63,1.26,6.89,105.97,96.24,9.74
84,Louisiana Tech,CUSA,,24,8,73.1,65.4,7.66,,-0.21,,1.84,4.79,6.63,103.60,93.38,10.22
85,Georgia,SEC,,14,12,77.5,78.0,-0.50,,8.02,,9.63,-3.01,6.62,108.76,98.02,10.74
86,Toledo,MAC (West),,21,9,81.1,72.6,8.47,,-1.88,,8.40,-1.81,6.59,111.35,101.65,9.70
87,Buffalo,MAC (East),,16,9,81.4,72.9,8.44,,-1.58,,8.62,-2.12,6.50,105.98,96.97,9.00
88,Dayton,A-10,,14,10,69.8,67.8,1.96,,4.35,,2.28,4.02,6.31,108.98,99.00,9.98
89,Abilene Christian,Southland,,24,5,75.7,60.4,15.28,,-6.37,,-0.28,6.56,6.27,101.23,91.93,9.30
90,Vanderbilt,SEC,,9,16,71.8,72.4,-0.60,,6.74,,4.64,1.50,6.14,109.24,99.46,9.78
91,Nebraska,Big Ten,,7,20,70.0,74.2,-4.26,,12.28,,3.35,2.73,6.08,101.95,91.84,10.10
92,San Francisco,WCC,,11,14,71.4,69.3,2.16,,3.84,,2.31,3.69,6.00,105.66,96.57,9.09
93,Furman,Southern,,16,9,79.6,68.9,10.68,,-1.69,,4.80,1.19,5.99,109.77,100.74,9.03
94,Central Florida,AAC,,11,12,67.2,69.4,-2.22,,8.15,,1.89,4.04,5.94,107.58,97.98,9.59
95,UAB,CUSA,,22,7,72.6,60.3,12.31,,-3.83,,-0.87,6.67,5.80,103.13,94.09,9.03
96,Marshall,CUSA,,15,7,79.9,72.5,7.36,,-1.66,,8.90,-3.20,5.70,108.49,100.16,8.33
97,Pepperdine,WCC,,15,12,76.9,73.6,3.26,,5.01,,7.82,-2.17,5.65,107.92,98.91,9.01
98,Loyola Marymount,WCC,,13,9,69.5,68.0,1.50,,4.05,,0.93,4.61,5.55,107.72,98.43,9.29
99,Ohio,MAC (East),,17,8,79.2,72.6,6.60,,-0.57,,5.65,-0.18,5.48,109.43,101.46,7.98
100,Nevada,MWC,,16,10,73.7,69.7,4.00,,2.12,,5.11,0.29,5.40,107.30,98.63,8.67
101,Rhode Island,A-10,,10,15,71.4,71.1,0.36,,4.93,,3.36,1.93,5.29,103.36,95.24,8.12
102,Western Kentucky,CUSA,,21,8,72.7,68.0,4.69,,0.50,,2.56,2.64,5.19,105.85,97.85,8.01
103,Missouri State,MVC,,17,7,73.4,66.4,7.00,,-0.02,,3.37,1.79,5.16,107.19,98.83,8.36
104,Grand Canyon,WAC,,17,7,75.5,62.1,13.38,,-3.46,,-1.81,6.92,5.11,105.16,95.94,9.22
105,California,Pac-12,,9,20,65.4,69.2,-3.83,,9.75,,-1.61,6.50,4.89,105.84,98.44,7.40
106,Massachusetts,A-10,,8,7,76.7,73.0,3.73,,1.03,,7.63,-2.86,4.77,106.04,99.12,6.93
107,Butler,Big East,,10,15,63.5,68.7,-5.16,,9.92,,-2.34,7.09,4.76,103.46,96.59,6.88
108,Winthrop,Big South,,23,2,78.9,67.0,11.84,,-7.15,,6.28,-1.60,4.69,103.72,97.13,6.59
109,Tulsa,AAC,,11,12,68.4,65.6,2.78,,5.43,,-2.39,6.58,4.19,102.81,95.97,6.84
110,UC Riverside,Big West,,14,8,70.2,63.6,6.55,,-2.43,,-0.99,5.11,4.12,103.12,95.53,7.58
111,Liberty,A-Sun,,23,6,74.4,60.0,14.41,,-6.14,,-1.06,5.12,4.06,109.15,101.02,8.13
112,Eastern Washington,Big Sky,,16,8,78.3,70.4,7.88,,-3.15,,7.29,-3.26,4.03,107.52,101.72,5.79
113,Cincinnati,AAC,,12,11,68.9,72.1,-3.22,,7.21,,2.85,1.15,3.99,103.52,96.81,6.71
114,UNC Greensboro,Southern,,21,9,73.0,67.3,5.63,,-2.15,,-0.62,4.10,3.48,102.12,96.16,5.96
115,Belmont,OVC,,26,4,81.3,69.1,12.17,,-8.71,,6.62,-3.16,3.46,108.76,103.49,5.27
116,UC Irvine,Big West,,18,9,72.2,63.4,8.81,,-0.86,,-2.53,6.00,3.46,99.30,92.58,6.72
117,South Carolina,SEC,,6,15,72.5,79.1,-6.62,,10.01,,7.13,-3.74,3.39,104.27,97.77,6.50
118,South Dakota State,Summit,,16,7,80.4,73.5,6.96,,-2.05,,8.20,-4.93,3.27,110.24,104.50,5.74
119,Miami (FL),ACC,,10,17,66.4,71.0,-4.52,,7.75,,-0.27,3.51,3.23,102.51,97.17,5.34
120,Weber State,Big Sky,,17,6,81.8,69.3,12.48,,-5.22,,6.55,-3.41,3.14,107.56,103.12,4.44
121,DePaul,Big East,,5,14,65.8,71.9,-6.16,,8.83,,-0.42,3.09,2.67,98.06,93.99,4.07
122,Pacific,WCC,,9,9,69.8,70.7,-0.89,,5.23,,-0.87,3.51,2.64,102.91,98.07,4.85
123,TCU,Big 12,,12,14,66.8,71.2,-4.38,,6.99,,-0.03,2.63,2.61,104.14,100.19,3.95
124,Temple,AAC,,5,11,65.8,68.8,-3.00,,5.57,,-0.70,3.27,2.57,102.04,97.37,4.68
125,Duquesne,A-10,,9,9,66.9,67.1,-0.17,,2.49,,-0.90,3.22,2.32,100.44,96.37,4.07
126,Texas A&M,SEC,,8,10,64.3,66.9,-2.67,,4.86,,-4.43,6.62,2.20,101.62,98.05,3.57
127,Indiana State,MVC,,15,10,66.5,65.8,0.68,,1.91,,-2.47,4.51,2.04,101.95,97.89,4.05
128,Vermont,AEC,,10,5,73.0,63.4,9.60,,-7.61,,1.11,0.88,1.99,105.47,101.55,3.91
129,George Mason,A-10,,13,9,71.3,69.9,1.41,,0.48,,0.20,1.71,1.91,100.41,97.11,3.29
130,Washington,Pac-12,,5,21,67.7,77.4,-9.73,,11.61,,3.05,-1.16,1.88,103.37,99.05,4.32
131,Akron,MAC (East),,15,8,78.2,72.2,6.00,,-1.96,,2.97,-1.12,1.85,105.94,102.62,3.32
132,Wofford,Southern,,15,9,74.3,67.8,6.54,,-0.24,,-0.26,2.02,1.76,105.08,101.61,3.47
133,Kent State,MAC (East),,15,8,76.7,71.1,5.61,,-1.90,,2.83,-1.09,1.74,103.70,100.70,3.00
134,Oral Roberts,Summit,,18,11,81.1,75.6,5.52,,-0.04,,7.09,-5.36,1.73,107.25,104.16,3.09
135,Wake Forest,ACC,,6,16,66.3,72.0,-5.68,,8.06,,-1.03,2.75,1.72,102.24,99.89,2.34
136,East Tennessee State,Southern,,13,12,69.4,66.2,3.28,,0.30,,-2.90,4.54,1.65,102.61,99.41,3.20
137,Mercer,Southern,,18,11,76.7,71.8,4.93,,-1.60,,2.25,-0.97,1.28,105.50,103.13,2.38
138,UTEP,CUSA,,12,12,70.8,68.5,2.25,,1.26,,-0.69,1.75,1.07,102.41,99.98,2.44
139,Tulane,AAC,,10,13,63.9,66.5,-2.57,,3.59,,-3.26,4.29,1.03,100.00,97.43,2.57
140,Navy,Patriot,,15,3,71.5,67.0,4.50,,-3.48,,-0.49,1.51,1.02,104.19,102.39,1.79
141,East Carolina,AAC,,8,11,66.8,67.9,-1.16,,3.83,,-2.25,3.25,1.00,98.70,96.19,2.51
142,Boston College,ACC,,4,16,71.4,79.5,-8.15,,8.97,,4.98,-4.16,0.82,105.07,102.47,2.60
143,Kansas State,Big 12,,9,20,61.8,70.2,-8.45,,9.04,,-4.68,5.44,0.76,100.12,98.64,1.48
144,Southern Utah,Big Sky,,20,4,84.2,69.5,14.67,,-5.69,,5.97,-5.34,0.63,107.19,105.69,1.50
145,Bradley,MVC,,12,16,69.6,66.6,3.00,,1.17,,-2.22,2.54,0.32,102.40,101.12,1.28
146,Army,Patriot,,12,10,71.7,69.5,2.23,,0.63,,-1.35,1.41,0.06,99.28,99.26,0.03
147,South Florida,AAC,,9,13,65.9,71.4,-5.55,,6.27,,-1.70,1.68,-0.02,101.12,100.64,0.48
148,Santa Clara,WCC,,12,8,69.7,70.6,-0.95,,2.16,,-0.63,0.59,-0.05,99.11,97.98,1.13
149,James Madison,CAA,,13,7,78.1,70.5,7.65,,-3.17,,4.35,-4.46,-0.11,103.40,102.74,0.66
150,Cal State Bakersfield,Big West,,15,11,69.7,64.0,5.62,,-2.38,,-4.70,4.58,-0.13,102.20,100.68,1.53
151,Bowling Green State,MAC (East),,14,12,77.5,74.6,2.92,,-2.37,,3.26,-3.43,-0.17,103.02,102.84,0.18
152,VMI,Southern,,13,12,80.0,75.9,4.16,,-0.78,,5.06,-5.48,-0.41,106.04,106.18,-0.14
153,North Dakota State,Summit,,15,12,69.7,67.7,2.07,,-2.72,,-4.00,3.35,-0.65,102.02,101.37,0.64
154,Iowa State,Big 12,,2,22,65.6,76.7,-11.13,,10.40,,-0.35,-0.37,-0.72,100.48,100.25,0.23
155,Morehead State,OVC,,23,8,68.8,64.1,4.71,,-4.33,,-5.93,4.98,-0.95,97.56,98.24,-0.68
156,Drexel,CAA,,12,8,70.4,67.4,2.95,,-3.92,,-3.38,2.40,-0.97,105.01,105.35,-0.34
157,Maryland-Baltimore County,AEC,,14,6,69.6,64.9,4.65,,-5.70,,-3.07,2.02,-1.05,99.68,100.13,-0.46
158,Northeastern,CAA,,10,9,67.2,68.3,-1.11,,0.02,,-4.73,3.64,-1.09,97.49,98.17,-0.69
159,Old Dominion,CUSA,,15,8,68.3,67.7,0.65,,-0.87,,-2.45,1.35,-1.10,100.62,101.05,-0.43
160,Iona,MAAC,,12,6,71.3,66.1,5.22,,-6.42,,-2.81,1.61,-1.20,99.00,100.01,-1.00
161,New Mexico State,WAC,,12,8,71.1,64.2,6.95,,-5.09,,-4.04,2.84,-1.21,104.31,104.84,-0.53
162,UTSA,CUSA,,15,11,78.8,73.3,5.54,,-0.17,,5.04,-6.26,-1.22,104.97,105.48,-0.50
163,Wyoming,MWC,,14,11,76.6,75.5,1.08,,-2.31,,5.51,-6.74,-1.23,107.34,108.91,-1.56
164,South Dakota,Summit,,14,11,76.0,72.2,3.76,,-3.50,,2.51,-3.76,-1.25,105.19,105.86,-0.67
165,Bryant,NEC,,15,7,83.8,75.6,8.14,,-7.27,,6.05,-7.41,-1.37,101.94,103.08,-1.14
166,Nevada-Las Vegas,MWC,,12,15,69.4,67.5,1.96,,1.01,,-2.15,0.68,-1.48,102.84,104.04,-1.20
167,Chattanooga,Southern,,18,8,72.6,69.3,3.35,,-2.92,,-2.03,0.49,-1.54,101.22,102.60,-1.38
168,Stephen F. Austin,Southland,,16,5,80.3,70.7,9.62,,-8.46,,1.88,-3.51,-1.63,101.85,102.78,-0.93
169,Georgia State,Sun Belt,,16,6,80.3,72.7,7.64,,-4.60,,4.58,-6.29,-1.70,103.57,105.05,-1.48
170,Northern Iowa,MVC,,10,15,69.5,71.2,-1.64,,2.43,,0.82,-2.56,-1.75,102.07,103.72,-1.65
171,Bellarmine,A-Sun,,14,8,74.3,66.2,8.09,,-5.56,,-0.87,-0.89,-1.76,107.81,108.82,-1.01
172,Ball State,MAC (West),,10,13,74.7,75.5,-0.74,,-1.22,,1.90,-3.85,-1.96,100.65,102.83,-2.18
173,Florida Atlantic,CUSA,,13,10,78.1,66.8,11.26,,-4.94,,-0.87,-1.17,-2.05,100.26,103.13,-2.87
174,Loyola (MD),Patriot,,6,11,72.1,70.9,1.18,,-3.47,,-3.14,0.85,-2.29,97.57,100.69,-3.11
175,Miami (OH),MAC (East),,12,11,72.3,71.6,0.70,,-2.72,,-1.97,-0.70,-2.67,103.65,107.08,-3.44
176,Eastern Kentucky,OVC,,22,7,81.8,73.7,8.10,,-8.24,,5.80,-8.49,-2.68,99.21,103.05,-3.84
177,Coastal Carolina,Sun Belt,,18,8,79.5,68.2,11.31,,-7.60,,-0.09,-2.65,-2.74,98.35,102.04,-3.69
178,Hofstra,CAA,,13,10,73.2,73.0,0.17,,-2.94,,1.73,-4.50,-2.77,104.76,107.69,-2.92
179,Murray State,OVC,,13,13,76.4,66.9,9.50,,-8.20,,-3.15,0.29,-2.86,101.48,104.29,-2.82
180,Hawaii,Big West,,11,10,71.6,69.1,2.43,,-2.72,,-1.79,-1.19,-2.98,101.05,103.45,-2.40
181,Jacksonville State,OVC,,18,9,74.3,68.6,5.70,,-6.06,,-2.10,-0.92,-3.02,101.74,104.92,-3.17
182,Sam Houston State,Southland,,19,9,79.6,70.3,9.29,,-4.87,,0.23,-3.52,-3.29,99.83,103.05,-3.22
183,Utah Valley,WAC,,11,11,74.2,74.3,-0.14,,-1.61,,0.66,-4.07,-3.41,100.39,103.80,-3.41
184,Hartford,AEC,,15,9,65.4,63.9,1.50,,-4.95,,-5.92,2.47,-3.45,95.41,99.52,-4.11
185,Southern Illinois,MVC,,12,14,65.5,68.1,-2.54,,0.72,,-4.60,1.04,-3.56,99.11,103.51,-4.40
186,Fresno State,MWC,,12,12,66.3,67.4,-1.13,,0.07,,-5.56,1.99,-3.57,98.79,103.48,-4.69
187,La Salle,A-10,,9,16,68.1,73.5,-5.44,,2.85,,-1.11,-2.46,-3.57,100.21,104.67,-4.46
188,Montana,Big Sky,,15,13,70.8,67.0,3.75,,-1.57,,-5.35,1.70,-3.65,97.16,101.84,-4.68
189,Detroit Mercy,Horizon,,12,10,76.5,74.0,2.55,,-6.21,,0.47,-4.13,-3.66,107.18,110.48,-3.30
190,Boston University,Patriot,,7,11,69.4,73.9,-4.56,,0.84,,-4.09,0.38,-3.71,101.64,107.54,-5.90
191,Rice,CUSA,,15,13,73.9,73.6,0.21,,-1.49,,0.89,-4.62,-3.73,103.35,107.76,-4.42
192,Texas State,Sun Belt,,18,7,66.4,61.7,4.68,,-7.37,,-8.53,4.68,-3.85,98.26,101.90,-3.64
193,Gardner-Webb,Big South,,11,15,70.7,68.4,2.27,,-6.14,,-2.51,-1.36,-3.87,102.68,106.13,-3.45
194,Siena,MAAC,,12,5,67.6,63.0,4.59,,-8.58,,-5.63,1.65,-3.99,98.37,102.95,-4.58
195,Valparaiso,MVC,,10,18,65.0,67.9,-2.89,,1.14,,-6.06,1.85,-4.21,94.43,99.93,-5.50
196,Albany (NY),AEC,,7,9,69.4,68.7,0.69,,-5.22,,-2.82,-1.71,-4.53,98.02,103.99,-5.97
197,Saint Joseph's,A-10,,5,15,72.2,82.6,-10.45,,5.89,,4.74,-9.30,-4.56,100.21,105.04,-4.83
198,Louisiana,Sun Belt,,17,9,74.4,72.8,1.62,,-5.50,,0.46,-5.29,-4.84,98.15,103.87,-5.72
199,Evansville,MVC,,9,16,64.8,69.6,-4.84,,-0.01,,-4.71,-0.15,-4.85,104.89,111.35,-6.46
200,Kansas City,Summit,,11,13,70.1,62.6,7.54,,-2.67,,-11.49,6.57,-4.92,96.04,102.28,-6.24
201,College of Charleston,CAA,,9,10,70.6,69.9,0.63,,-3.13,,-3.46,-1.49,-4.96,102.20,108.76,-6.56
202,Holy Cross,Patriot,,5,11,70.6,76.1,-5.44,,0.45,,-0.49,-4.50,-4.99,99.54,106.88,-7.34
203,Cleveland State,Horizon,,19,8,70.9,71.2,-0.30,,-4.82,,-5.36,0.25,-5.12,97.23,102.78,-5.55
204,Delaware,CAA,,7,8,67.5,67.5,0.07,,-5.04,,-7.21,2.02,-5.19,95.19,101.72,-6.54
205,Nicholls State,Southland,,18,7,78.4,73.2,5.16,,-8.71,,1.02,-6.23,-5.21,97.18,103.77,-6.59
206,San Diego,WCC,,3,11,66.2,77.1,-10.86,,5.64,,-2.88,-2.34,-5.22,96.05,101.77,-5.72
207,Seattle,WAC,,12,11,72.9,68.6,4.30,,-3.51,,-3.25,-2.00,-5.24,95.88,102.00,-6.12
208,California Baptist,WAC,,13,10,79.1,72.8,6.35,,-5.04,,3.59,-8.84,-5.25,104.84,111.03,-6.19
209,Elon,CAA,,10,9,65.7,65.0,0.74,,-4.43,,-7.56,2.24,-5.32,94.89,101.20,-6.31
210,Wagner,NEC,,13,7,71.3,68.7,2.55,,-7.90,,-4.07,-1.29,-5.35,99.16,105.32,-6.17
211,Lafayette,Patriot,,9,6,77.7,76.7,1.00,,-6.38,,4.20,-9.58,-5.38,104.62,112.44,-7.82
212,Illinois State,MVC,,7,18,72.0,74.8,-2.84,,0.38,,-1.80,-3.65,-5.45,97.73,104.33,-6.61
213,Saint Peter's,MAAC,,14,11,63.2,61.5,1.72,,-7.20,,-10.55,5.07,-5.48,89.33,96.08,-6.75
214,Montana State,Big Sky,,13,10,74.0,72.0,2.09,,-4.62,,-2.30,-3.33,-5.62,98.15,105.62,-7.47
215,Mount St. Mary's,NEC,,12,11,63.2,62.2,1.00,,-6.67,,-12.18,6.51,-5.67,93.15,100.53,-7.39
216,Charlotte,CUSA,,9,16,63.5,66.7,-3.24,,-2.43,,-9.24,3.56,-5.68,96.88,104.18,-7.30
217,George Washington,A-10,,5,12,68.1,72.3,-4.18,,-1.57,,-0.69,-5.06,-5.75,100.77,108.94,-8.17
218,UC Davis,Big West,,10,8,71.9,71.6,0.33,,-4.24,,-2.43,-3.40,-5.83,96.55,103.08,-6.54
219,Appalachian State,Sun Belt,,17,12,70.3,64.1,6.17,,-5.72,,-5.88,0.04,-5.84,96.75,105.13,-8.38
220,Monmouth,MAAC,,12,8,76.1,74.3,1.75,,-7.63,,3.92,-9.80,-5.88,97.86,105.76,-7.90
221,South Alabama,Sun Belt,,17,11,74.1,70.9,3.21,,-5.86,,-1.95,-4.07,-6.03,101.38,109.06,-7.68
222,Massachusetts-Lowell,AEC,,11,12,68.5,70.9,-2.43,,-3.61,,-2.64,-3.41,-6.05,98.09,105.79,-7.70
223,The Citadel,Southern,,13,12,80.8,78.4,2.40,,-1.45,,5.95,-12.03,-6.07,102.73,110.28,-7.55
224,Stony Brook,AEC,,9,14,66.2,65.6,0.57,,-4.73,,-7.15,1.01,-6.14,92.89,100.90,-8.01
225,Texas Southern,SWAC,,17,9,73.9,69.5,4.42,,-9.03,,-1.13,-5.02,-6.15,96.83,104.28,-7.45
226,Norfolk State,MEAC,,17,8,73.6,69.7,3.88,,-8.51,,-4.55,-1.61,-6.16,96.59,103.45,-6.87
227,Radford,Big South,,15,12,67.6,64.6,3.00,,-6.60,,-7.58,1.38,-6.20,96.20,104.89,-8.69
228,American,Patriot,,4,6,69.1,73.6,-4.50,,-1.82,,-2.27,-4.05,-6.32,96.91,106.19,-9.27
229,Cal State Fullerton,Big West,,6,10,77.0,78.6,-1.56,,-3.05,,3.55,-9.87,-6.32,102.45,109.60,-7.16
230,Portland State,Big Sky,,9,13,68.7,66.5,2.23,,-4.66,,-6.97,0.64,-6.33,91.26,99.27,-8.02
231,Little Rock,Sun Belt,,11,15,68.7,68.5,0.15,,-5.40,,-4.16,-2.21,-6.36,97.62,106.14,-8.51
232,Morgan State,MEAC,,14,8,79.8,73.0,6.77,,-11.24,,0.84,-7.39,-6.55,98.31,106.08,-7.77
233,Austin Peay,OVC,,14,13,74.3,70.0,4.33,,-8.22,,-2.16,-4.49,-6.66,101.77,110.48,-8.71
234,Northern Colorado,Big Sky,,11,11,70.5,69.0,1.45,,-4.22,,-4.19,-2.51,-6.70,96.70,105.65,-8.95
235,Northern Kentucky,Horizon,,14,11,71.4,71.2,0.12,,-6.90,,-4.50,-2.28,-6.78,100.88,109.55,-8.67
236,Campbell,Big South,,17,10,71.0,68.1,2.85,,-7.34,,-5.23,-1.59,-6.82,100.81,108.64,-7.83
237,UNC Wilmington,CAA,,7,10,76.3,73.7,2.59,,-6.47,,0.48,-7.32,-6.84,102.06,110.29,-8.22
238,Southern Mississippi,CUSA,,8,17,64.2,66.7,-2.52,,-2.10,,-7.99,1.11,-6.88,92.31,101.64,-9.33
239,UC San Diego,Big West,,7,10,71.4,72.1,-0.71,,0.98,,-0.10,-6.85,-6.95,100.93,109.80,-8.87
240,UNC Asheville,Big South,,10,10,73.4,72.8,0.60,,-7.59,,-0.96,-6.03,-6.99,98.65,108.10,-9.45
241,Lipscomb,A-Sun,,15,12,71.2,68.4,2.74,,-5.63,,-4.35,-2.72,-7.07,99.45,108.34,-8.89
242,UT Arlington,Sun Belt,,13,13,73.7,70.3,3.42,,-4.57,,-2.62,-4.60,-7.23,96.69,105.83,-9.14
243,Stetson,A-Sun,,12,15,71.3,70.2,1.07,,-4.51,,-3.17,-4.09,-7.26,99.01,108.07,-9.06
244,Tarleton State,WAC,,10,10,73.4,62.3,11.05,,-3.02,,-8.18,0.89,-7.28,97.14,106.15,-9.01
245,Western Carolina,Southern,,11,16,75.5,78.9,-3.33,,-2.03,,0.91,-8.33,-7.43,98.69,108.44,-9.75
246,Niagara,MAAC,,9,11,64.7,65.2,-0.55,,-6.99,,-7.52,-0.03,-7.54,98.34,107.84,-9.50
247,Milwaukee,Horizon,,10,12,75.5,76.3,-0.73,,-6.98,,0.20,-7.91,-7.71,99.84,110.07,-10.23
248,Long Island University,NEC,,9,9,74.0,72.9,1.06,,-8.82,,-2.02,-5.74,-7.76,92.46,103.40,-10.94
249,Sacramento State,Big Sky,,8,12,72.2,72.1,0.05,,-3.65,,-3.32,-4.44,-7.76,101.07,111.87,-10.81
250,Bucknell,Patriot,,5,7,74.9,77.3,-2.42,,-5.36,,-0.69,-7.08,-7.78,97.87,109.00,-11.13
251,Longwood,Big South,,12,17,66.2,67.8,-1.59,,-6.40,,-8.08,0.14,-7.93,95.61,105.99,-10.38
252,Arkansas State,Sun Belt,,11,13,72.5,69.5,3.08,,-5.87,,-4.24,-3.73,-7.97,97.80,108.01,-10.21
253,Prairie View,SWAC,,16,5,71.3,64.2,7.05,,-15.07,,-6.40,-1.62,-8.02,93.37,102.77,-9.40
254,New Hampshire,AEC,,10,9,67.3,66.6,0.63,,-6.70,,-6.21,-1.99,-8.20,95.46,106.65,-11.18
255,Idaho State,Big Sky,,13,11,68.2,61.7,6.50,,-5.71,,-11.35,2.96,-8.39,91.33,102.65,-11.32
256,Cal State Long Beach,Big West,,6,12,73.8,79.4,-5.67,,-2.83,,2.07,-10.56,-8.50,96.71,106.48,-9.77
257,Canisius,MAAC,,7,6,70.4,71.2,-0.77,,-7.84,,-2.00,-6.61,-8.61,97.15,108.34,-11.19
258,Cal State Northridge,Big West,,9,13,72.1,77.7,-5.59,,-1.97,,0.05,-8.74,-8.69,100.01,110.94,-10.92
259,Samford,Southern,,6,13,76.8,79.5,-2.63,,-1.63,,-0.03,-8.90,-8.93,94.56,105.68,-11.12
260,Marist,MAAC,,12,9,63.4,63.6,-0.19,,-8.80,,-10.32,1.34,-8.99,89.82,102.03,-12.21
261,Merrimack,NEC,,9,9,66.3,66.7,-0.39,,-8.67,,-10.55,1.48,-9.06,90.19,102.16,-11.97
262,Quinnipiac,MAAC,,9,13,67.5,69.0,-1.50,,-7.60,,-5.47,-3.63,-9.10,89.83,101.91,-12.08
263,Oakland,Horizon,,12,18,74.7,81.2,-6.53,,-2.80,,1.28,-10.61,-9.33,100.47,112.05,-11.59
264,Florida Gulf Coast,A-Sun,,10,8,71.8,69.0,2.78,,-7.13,,-5.70,-3.94,-9.63,90.83,103.49,-12.65
265,Texas-Rio Grande Valley,WAC,,9,10,72.4,67.7,4.68,,-5.23,,-7.47,-2.16,-9.63,88.61,101.24,-12.63
266,NJIT,AEC,,7,12,66.1,70.2,-4.05,,-5.70,,-5.19,-4.56,-9.75,94.30,107.58,-13.27
267,Youngstown State,Horizon,,15,12,74.4,72.2,2.22,,-8.17,,-2.96,-6.82,-9.78,99.85,112.81,-12.96
268,Towson,CAA,,4,14,67.4,74.9,-7.50,,-2.33,,-4.82,-5.01,-9.83,98.20,112.23,-14.03
269,North Alabama,A-Sun,,13,11,73.2,69.4,3.75,,-6.30,,-4.27,-5.79,-10.05,93.51,106.86,-13.34
270,Green Bay,Horizon,,8,17,71.6,76.5,-4.92,,-5.23,,-3.29,-6.86,-10.15,98.56,111.80,-13.24
271,Fairleigh Dickinson,NEC,,9,15,75.0,78.8,-3.71,,-6.46,,1.14,-11.31,-10.17,99.27,112.82,-13.54
272,Southeast Missouri State,OVC,,11,16,69.0,71.7,-2.67,,-7.51,,-4.78,-5.40,-10.18,92.97,106.78,-13.81
273,Georgia Southern,Sun Belt,,13,13,71.5,67.8,3.77,,-6.26,,-7.01,-3.21,-10.22,91.69,105.67,-13.98
274,St. Francis (NY),NEC,,9,10,77.7,79.5,-1.84,,-8.38,,3.00,-13.22,-10.23,99.83,113.00,-13.16
275,Saint Francis (PA),NEC,,6,16,68.9,73.4,-4.50,,-5.80,,-5.09,-5.21,-10.30,93.40,107.44,-14.04
276,North Dakota,Summit,,9,17,68.7,75.7,-7.00,,-3.35,,-5.06,-5.29,-10.35,94.78,108.45,-13.67
277,Louisiana-Monroe,Sun Belt,,7,19,64.2,68.9,-4.69,,-5.90,,-8.57,-2.03,-10.59,92.04,106.34,-14.30
278,High Point,Big South,,9,15,66.7,69.9,-3.21,,-7.58,,-7.83,-2.96,-10.78,94.17,108.77,-14.60
279,Middle Tennessee,CUSA,,5,18,62.0,70.7,-8.74,,-0.78,,-8.40,-2.38,-10.78,89.89,103.87,-13.98
280,New Orleans,Southland,,10,15,76.0,76.4,-0.44,,-9.74,,-0.73,-10.18,-10.91,94.72,108.65,-13.93
281,Jacksonville,A-Sun,,11,13,67.6,69.5,-1.92,,-6.74,,-7.80,-3.35,-11.15,91.60,106.36,-14.76
282,Florida International,CUSA,,9,17,73.6,76.3,-2.73,,-3.24,,-2.04,-9.16,-11.20,96.08,110.60,-14.52
283,William & Mary,CAA,,7,10,64.8,72.0,-7.24,,-3.99,,-6.53,-4.70,-11.23,91.54,108.08,-16.54
284,Jackson State,SWAC,,12,6,65.6,62.8,2.78,,-14.05,,-11.31,0.03,-11.27,86.45,100.22,-13.77
285,Fairfield,MAAC,,10,17,61.8,66.7,-4.89,,-6.57,,-9.98,-1.48,-11.46,93.18,109.15,-15.97
286,North Florida,A-Sun,,8,15,69.6,75.0,-5.39,,-4.62,,-4.27,-7.20,-11.48,98.71,114.12,-15.41
287,Western Michigan,MAC (West),,5,16,63.1,72.0,-8.86,,-1.21,,-10.52,-0.99,-11.51,91.13,106.66,-15.54
288,IUPUI,Horizon,,8,10,71.2,75.8,-4.61,,-7.03,,-4.19,-7.46,-11.65,93.20,108.10,-14.90
289,Fordham,A-10,,2,12,51.8,66.6,-14.79,,3.09,,-17.76,6.06,-11.69,83.42,100.47,-17.05
290,Illinois-Chicago,Horizon,,9,13,67.7,72.3,-4.64,,-7.42,,-8.59,-3.48,-12.06,90.41,106.31,-15.90
291,Troy,Sun Belt,,11,17,65.3,69.4,-4.04,,-4.06,,-9.71,-2.35,-12.06,89.46,106.17,-16.71
292,Purdue-Fort Wayne,Horizon,,8,15,75.1,78.7,-3.52,,-8.63,,-0.78,-11.37,-12.15,97.78,114.54,-16.77
293,Sacred Heart,NEC,,9,9,70.3,75.0,-4.72,,-7.47,,-4.57,-7.62,-12.19,95.87,113.11,-17.23
294,Manhattan,MAAC,,7,13,63.4,67.3,-3.85,,-8.35,,-9.65,-2.56,-12.20,87.62,103.89,-16.27
295,Binghamton,AEC,,4,14,65.4,72.3,-6.89,,-5.35,,-5.77,-6.47,-12.24,95.83,112.90,-17.07
296,Rider,MAAC,,6,17,67.5,74.0,-6.48,,-5.76,,-4.06,-8.18,-12.24,97.84,114.57,-16.74
297,Central Michigan,MAC (West),,7,16,76.8,79.8,-3.00,,-4.19,,-0.31,-12.03,-12.34,96.99,113.07,-16.08
298,Florida A&M,MEAC,,8,12,65.7,68.5,-2.80,,-9.55,,-11.23,-1.12,-12.35,87.31,102.95,-15.64
299,Coppin State,MEAC,,9,13,72.8,79.1,-6.32,,-6.06,,-2.56,-9.81,-12.37,88.34,103.63,-15.30
300,New Mexico,MWC,,6,16,65.3,71.7,-6.45,,-1.73,,-9.65,-2.73,-12.38,89.04,106.05,-17.01
301,Western Illinois,Summit,,7,15,73.0,79.4,-6.36,,-4.62,,-2.84,-9.65,-12.48,94.36,110.18,-15.82
302,Portland,WCC,,6,15,69.5,83.2,-13.76,,5.08,,-1.13,-11.45,-12.58,96.96,113.84,-16.88
303,Eastern Illinois,OVC,,9,18,69.4,74.9,-5.52,,-7.19,,-5.42,-7.29,-12.71,92.45,109.67,-17.22
304,Omaha,Summit,,5,20,67.3,78.0,-10.64,,-2.09,,-4.80,-7.92,-12.73,91.78,108.42,-16.65
305,Lehigh,Patriot,,4,11,68.3,76.6,-8.27,,-4.58,,-7.34,-5.51,-12.85,90.73,109.19,-18.46
306,Northern Arizona,Big Sky,,6,16,63.2,74.5,-11.36,,-1.61,,-8.80,-4.18,-12.97,95.91,114.75,-18.84
307,Air Force,MWC,,5,20,58.7,71.9,-13.20,,0.22,,-11.93,-1.05,-12.98,94.01,113.37,-19.36
308,Lamar,Southland,,10,18,65.8,72.4,-6.54,,-6.57,,-8.24,-4.86,-13.10,90.85,107.30,-16.44
309,Robert Morris,Horizon,,4,15,72.3,78.6,-6.32,,-5.53,,-3.83,-9.36,-13.20,96.15,114.32,-18.17
310,Northwestern State,Southland,,11,18,72.6,79.7,-7.10,,-4.94,,-2.60,-10.88,-13.48,94.61,111.41,-16.80
311,Southern,SWAC,,8,11,69.8,70.3,-0.42,,-13.07,,-6.71,-6.77,-13.49,89.81,106.37,-16.56
312,Hampton,Big South,,11,14,68.8,73.2,-4.40,,-9.27,,-5.34,-8.33,-13.67,92.52,111.29,-18.78
313,Cal Poly,Big West,,4,20,61.5,70.8,-9.38,,-1.56,,-11.64,-2.05,-13.69,87.51,105.87,-18.36
314,South Carolina Upstate,Big South,,5,18,65.9,74.4,-8.57,,-5.20,,-6.54,-7.16,-13.70,93.08,111.45,-18.37
315,Presbyterian,Big South,,7,15,64.1,67.1,-2.95,,-9.00,,-11.80,-2.16,-13.96,89.07,108.42,-19.35
316,Dixie State,WAC,,8,13,69.6,76.3,-6.76,,-3.43,,-4.94,-9.07,-14.01,89.93,107.31,-17.38
317,Tennessee State,OVC,,4,19,68.4,74.0,-5.61,,-7.23,,-7.60,-6.50,-14.10,87.61,106.40,-18.79
318,Tennessee Tech,OVC,,5,22,66.6,76.9,-10.30,,-3.84,,-6.46,-7.68,-14.13,93.09,112.06,-18.97
319,Kennesaw State,A-Sun,,5,19,65.5,69.7,-4.21,,-3.67,,-10.33,-3.82,-14.15,86.92,106.46,-19.54
320,Eastern Michigan,MAC (West),,6,12,70.4,75.7,-5.28,,-1.23,,-6.24,-7.99,-14.23,94.38,113.44,-19.07
321,Howard,MEAC,,1,4,72.6,84.8,-12.20,,-2.51,,-0.45,-13.82,-14.26,95.77,115.04,-19.27
322,Grambling,SWAC,,12,12,67.4,68.7,-1.33,,-12.49,,-8.50,-5.77,-14.27,89.51,107.97,-18.45
323,North Carolina A&T,MEAC,,11,10,72.2,72.5,-0.29,,-8.06,,-4.77,-9.50,-14.27,91.52,108.96,-17.44
324,Central Arkansas,Southland,,5,19,70.9,80.5,-9.67,,-1.99,,-2.95,-11.91,-14.86,94.80,113.19,-18.39
325,SIU Edwardsville,OVC,,9,17,65.7,73.0,-7.23,,-6.02,,-9.18,-5.77,-14.94,90.36,110.76,-20.40
326,Central Connecticut State,NEC,,5,16,68.5,77.4,-8.86,,-6.27,,-5.75,-9.38,-15.12,91.01,111.18,-20.16
327,Maine,AEC,,2,7,53.1,64.6,-11.44,,-4.21,,-18.79,3.13,-15.66,81.04,103.02,-21.99
328,Incarnate Word,Southland,,8,14,68.0,71.7,-3.77,,-8.33,,-10.94,-4.97,-15.91,92.27,113.09,-20.82
329,North Carolina Central,MEAC,,5,9,67.3,71.6,-4.36,,-8.76,,-9.65,-6.35,-15.99,90.65,112.41,-21.76
330,Denver,Summit,,2,19,69.8,79.1,-9.33,,-5.80,,-4.42,-11.98,-16.40,92.04,114.22,-22.18
331,Charleston Southern,Big South,,3,18,65.5,73.8,-8.33,,-6.22,,-9.55,-7.17,-16.72,87.00,109.48,-22.48
332,Houston Baptist,Southland,,6,19,71.0,80.3,-9.24,,-5.72,,-3.79,-12.93,-16.72,91.04,112.21,-21.17
333,Texas A&M-Corpus Christi,Southland,,5,19,64.8,71.5,-6.75,,-6.10,,-9.79,-6.97,-16.77,87.60,109.56,-21.96
334,Southeastern Louisiana,Southland,,8,18,68.3,77.7,-9.38,,-8.02,,-8.55,-8.85,-17.40,88.89,111.54,-22.64
335,San Jose State,MWC,,5,16,65.8,81.3,-15.57,,0.98,,-3.91,-13.59,-17.50,91.88,114.16,-22.28
336,Northern Illinois,MAC (West),,3,16,62.3,77.4,-15.11,,-2.80,,-11.69,-6.21,-17.90,88.50,113.17,-24.67
337,Idaho,Big Sky,,1,21,61.0,76.5,-15.41,,-2.91,,-10.97,-7.35,-18.32,88.00,114.15,-26.15
338,McNeese State,Southland,,10,14,80.3,71.8,8.54,,-11.46,,-7.41,-10.93,-18.34,93.03,117.00,-23.97
339,Alabama A&M,SWAC,,6,9,63.3,67.2,-3.87,,-14.99,,-14.77,-4.08,-18.86,81.57,106.96,-25.40
340,Tennessee-Martin,OVC,,8,16,65.5,77.0,-11.50,,-5.89,,-9.78,-9.63,-19.41,90.06,116.62,-26.56
341,Alcorn State,SWAC,,6,13,66.1,75.6,-9.53,,-10.06,,-8.86,-10.72,-19.58,89.71,113.99,-24.27
342,Arkansas-Pine Bluff,SWAC,,4,21,62.0,76.8,-14.88,,-7.79,,-11.29,-11.39,-22.67,87.03,117.28,-30.25
343,Delaware State,MEAC,,3,16,70.8,85.7,-14.95,,-6.33,,-5.59,-18.51,-24.09,87.98,117.71,-29.73
344,Alabama State,SWAC,,4,14,64.2,71.6,-7.33,,-16.95,,-14.00,-10.28,-24.28,80.97,112.40,-31.43
345,South Carolina State,MEAC,,1,17,61.2,78.6,-17.33,,-7.56,,-11.20,-13.70,-24.90,82.73,116.07,-33.34
346,Chicago State,WAC,,0,9,55.4,88.7,-33.22,,1.41,,-14.71,-17.11,-31.82,80.28,122.60,-42.32
347,Mississippi Valley State,SWAC,,2,22,56.8,87.4,-30.54,,-7.63,,-16.51,-21.66,-38.17,76.09,125.36,-49.27
348,Brown,Ivy,,0,0,,,,,,,,,,,,
349,Columbia,Ivy,,0,0,,,,,,,,,,,,
350,Cornell,Ivy,,0,0,,,,,,,,,,,,
351,Dartmouth,Ivy,,0,0,,,,,,,,,,,,
352,Harvard,Ivy,,0,0,,,,,,,,,,,,
353,Maryland-Eastern Shore,MEAC,,0,0,,,,,,,,,,,,
354,Pennsylvania,Ivy,,0,0,,,,,,,,,,,,
355,Princeton,Ivy,,0,0,,,,,,,,,,,,
356,Yale,Ivy,,0,0,,,,,,,,,,,,